<?xml version="1.0"?>
<compatibility-matrix version="5.0" type="framework">
  <hal format="hidl" optional="true">
    <name>android.hardware.media.c2</name>
    <version>1.0</version>
    <interface>
      <name>IComponentStore</name>
      <instance>dolby</instance>
    </interface>
  </hal>
  <hal format="aidl" optional="true">
    <name>android.hardware.radio.config</name>
    <interface>
      <name>IRadioConfig</name>
      <instance>default</instance>
    </interface>
  </hal>
  <hal format="aidl" optional="true">
    <name>android.hardware.radio.data</name>
    <interface>
      <name>IRadioData</name>
      <instance>slot1</instance>
      <instance>slot2</instance>
      <instance>slot3</instance>
      <instance>slot4</instance>
    </interface>
  </hal>
  <hal format="aidl" optional="true">
    <name>android.hardware.radio.messaging</name>
    <interface>
      <name>IRadioMessaging</name>
      <instance>slot1</instance>
      <instance>slot2</instance>
      <instance>slot3</instance>
      <instance>slot4</instance>
    </interface>
  </hal>
  <hal format="aidl" optional="true">
    <name>android.hardware.radio.modem</name>
    <interface>
      <name>IRadioModem</name>
      <instance>slot1</instance>
      <instance>slot2</instance>
      <instance>slot3</instance>
      <instance>slot4</instance>
    </interface>
  </hal>
  <hal format="aidl" optional="true">
    <name>android.hardware.radio.network</name>
    <interface>
      <name>IRadioNetwork</name>
      <instance>slot1</instance>
      <instance>slot2</instance>
      <instance>slot3</instance>
      <instance>slot4</instance>
    </interface>
  </hal>
  <hal format="aidl" optional="true">
    <name>android.hardware.radio.sim</name>
    <interface>
      <name>IRadioSim</name>
      <instance>slot1</instance>
      <instance>slot2</instance>
      <instance>slot3</instance>
      <instance>slot4</instance>
    </interface>
  </hal>
  <hal format="aidl" optional="true">
    <name>android.hardware.radio.voice</name>
    <interface>
      <name>IRadioVoice</name>
      <instance>slot1</instance>
      <instance>slot2</instance>
      <instance>slot3</instance>
      <instance>slot4</instance>
    </interface>
  </hal>
  <hal format="aidl" optional="true">
    <name>vendor.mediatek.hardware.mtkradioex.dch</name>
    <interface>
      <name>IMtkRadioExDc</name>
      <instance>slot1</instance>
      <instance>slot2</instance>
      <instance>slot3</instance>
      <instance>slot4</instance>
    </interface>
  </hal>
  <hal format="aidl" optional="true">
    <name>vendor.mediatek.hardware.camera.uievent</name>
      <interface>
        <name>IUIEvent</name>
        <instance>default</instance>
      </interface>
  </hal>
  <hal format="aidl" optional="true">
    <name>vendor.nxp.nxpnfc_aidl</name>
    <version>1</version>
    <interface>
        <name>INxpNfc</name>
        <instance>default</instance>
    </interface>
  </hal>
  <hal format="aidl" optional="true">
    <name>vendor.mediatek.hardware.camera.aovservice</name>
    <version>1-2</version>
    <interface>
        <name>IAovService</name>
        <instance>default</instance>
    </interface>
  </hal>
  <hal format="aidl" optional="true">
    <name>vendor.mediatek.hardware.camera.aovservice</name>
    <interface>
        <name>IAovService</name>
        <instance>default</instance>
    </interface>
  </hal>
  <hal format="aidl" optional="true">
    <name>vendor.xiaomi.hardware.camera.synthetic</name>
    <interface>
        <name>IVirtualCameraRegistrar</name>
        <instance>default</instance>
    </interface>
  </hal>
  <hal format="aidl" optional="true">
    <name>vendor.xiaomi.hardware.aidl.mtdservice</name>
    <interface>
      <name>IMTService</name>
      <instance>default</instance>
    </interface>
  </hal>
  <hal format="aidl" optional="true">
    <name>vendor.xiaomi.hardware.aidlbgservice</name>
    <interface>
        <name>IBGService</name>
        <instance>default</instance>
    </interface>
  </hal>
  <hal format="aidl" optional="true">
    <name>vendor.mediatek.hardware.gpuserv</name>
    <version>2</version>
    <interface>
      <name>IGpuService</name>
      <instance>default</instance>
    </interface>
  </hal>
  <hal format="aidl" optional="true">
    <name>vendor.mediatek.hardware.apuware.apusys</name>
    <version>5</version>
    <interface>
      <name>INeuronApusys</name>
      <instance>default</instance>
    </interface>
  </hal>
  <hal format="aidl" optional="true">
    <name>vendor.xiaomi.hardware.aidl.tidaservice</name>
    <version>1</version>
    <interface>
      <name>ITidaService</name>
      <instance>default</instance>
    </interface>
  </hal>
  <hal format="aidl" optional="true">
    <name>vendor.xiaomi.hardware.mfidoca</name>
    <version>1</version>
    <interface>
      <name>IFidoService</name>
      <instance>default</instance>
    </interface>
  </hal>
  <hal format="aidl" optional="true">
    <name>vendor.xiaomi.hardware.mlipay</name>
    <version>1</version>
    <interface>
      <name>IMlipayService</name>
      <instance>default</instance>
    </interface>
  </hal>
  <hal format="aidl" optional="true">
    <name>vendor.xiaomi.hardware.mediaeventgatherservice</name>
    <interface>
      <name>IMediaGather</name>
      <instance>default</instance>
    </interface>
  </hal>
</compatibility-matrix>
