<manifest version="7.0" type="device" target-level="7">
    <hal format="hidl">
        <name>android.hardware.audio</name>
        <transport>hwbinder</transport>
        <fqname>@7.1::IDevicesFactory/default</fqname>
    </hal>
    <hal format="hidl">
        <name>android.hardware.audio.effect</name>
        <transport>hwbinder</transport>
        <fqname>@7.0::IEffectsFactory/default</fqname>
    </hal>
    <hal format="hidl">
        <name>android.hardware.soundtrigger</name>
        <transport>hwbinder</transport>
        <fqname>@2.3::ISoundTriggerHw/default</fqname>
    </hal>
    <hal format="hidl">
        <name>android.hardware.graphics.mapper</name>
        <transport arch="64">passthrough</transport>
        <fqname>@4.0::IMapper/default</fqname>
    </hal>
    <hal format="aidl">
        <name>vendor.mediatek.hardware.composer_ext</name>
        <fqname>IComposerExt/default</fqname>
    </hal>
    <hal format="aidl">
        <name>vendor.mediatek.hardware.pq_aidl</name>
        <fqname>IPictureQuality_AIDL/default</fqname>
    </hal>
    <hal format="aidl">
        <name>vendor.mediatek.hardware.nvram</name>
        <fqname>INvram/default</fqname>
    </hal>
    <hal format="aidl">
        <name>android.hardware.radio.config</name>
        <fqname>IRadioConfig/default</fqname>
    </hal>
    <hal format="aidl">
        <name>android.hardware.radio.data</name>
        <fqname>IRadioData/slot1</fqname>
        <fqname>IRadioData/slot2</fqname>
    </hal>
    <hal format="aidl">
        <name>android.hardware.radio.ims</name>
        <fqname>IRadioIms/slot1</fqname>
        <fqname>IRadioIms/slot2</fqname>
    </hal>
    <hal format="aidl">
        <name>android.hardware.radio.messaging</name>
        <fqname>IRadioMessaging/slot1</fqname>
        <fqname>IRadioMessaging/slot2</fqname>
    </hal>
    <hal format="aidl">
        <name>android.hardware.radio.modem</name>
        <fqname>IRadioModem/imsSlot1</fqname>
        <fqname>IRadioModem/imsSlot2</fqname>
        <fqname>IRadioModem/se1</fqname>
        <fqname>IRadioModem/se2</fqname>
        <fqname>IRadioModem/slot1</fqname>
        <fqname>IRadioModem/slot2</fqname>
    </hal>
    <hal format="aidl">
        <name>android.hardware.radio.network</name>
        <fqname>IRadioNetwork/imsSlot1</fqname>
        <fqname>IRadioNetwork/imsSlot2</fqname>
        <fqname>IRadioNetwork/slot1</fqname>
        <fqname>IRadioNetwork/slot2</fqname>
    </hal>
    <hal format="aidl">
        <name>android.hardware.radio.sap</name>
        <fqname>ISap/slot1</fqname>
        <fqname>ISap/slot2</fqname>
    </hal>
    <hal format="aidl">
        <name>android.hardware.radio.sim</name>
        <fqname>IRadioSim/imsSlot1</fqname>
        <fqname>IRadioSim/imsSlot2</fqname>
        <fqname>IRadioSim/se1</fqname>
        <fqname>IRadioSim/se2</fqname>
        <fqname>IRadioSim/slot1</fqname>
        <fqname>IRadioSim/slot2</fqname>
    </hal>
    <hal format="aidl">
        <name>android.hardware.radio.voice</name>
        <fqname>IRadioVoice/imsSlot1</fqname>
        <fqname>IRadioVoice/imsSlot2</fqname>
        <fqname>IRadioVoice/slot1</fqname>
        <fqname>IRadioVoice/slot2</fqname>
    </hal>
    <hal format="aidl">
        <name>vendor.mediatek.hardware.camera.atms</name>
        <fqname>IATMs/default</fqname>
    </hal>
    <hal format="aidl">
        <name>vendor.mediatek.hardware.camera.bgservice</name>
        <fqname>IBGService/default</fqname>
    </hal>
    <hal format="aidl">
        <name>vendor.mediatek.hardware.mtkradioex.data</name>
        <fqname>IMtkRadioExData/slot1</fqname>
        <fqname>IMtkRadioExData/slot2</fqname>
    </hal>
    <hal format="aidl">
        <name>vendor.mediatek.hardware.mtkradioex.dch</name>
        <fqname>IMtkRadioExDc/slot1</fqname>
        <fqname>IMtkRadioExDc/slot2</fqname>
    </hal>
    <hal format="aidl">
        <name>vendor.mediatek.hardware.mtkradioex.ims</name>
        <fqname>IMtkRadioExIms/slot1</fqname>
        <fqname>IMtkRadioExIms/slot2</fqname>
    </hal>
    <hal format="aidl">
        <name>vendor.mediatek.hardware.mtkradioex.messaging</name>
        <fqname>IMtkRadioExMessaging/slot1</fqname>
        <fqname>IMtkRadioExMessaging/slot2</fqname>
    </hal>
    <hal format="aidl">
        <name>vendor.mediatek.hardware.mtkradioex.modem</name>
        <fqname>IMtkRadioExModem/slot1</fqname>
        <fqname>IMtkRadioExModem/slot2</fqname>
    </hal>
    <hal format="aidl">
        <name>vendor.mediatek.hardware.mtkradioex.network</name>
        <fqname>IMtkRadioExNetwork/slot1</fqname>
        <fqname>IMtkRadioExNetwork/slot2</fqname>
    </hal>
    <hal format="aidl">
        <name>vendor.mediatek.hardware.mtkradioex.rcs</name>
        <fqname>IMtkRadioExRcs/slot1</fqname>
        <fqname>IMtkRadioExRcs/slot2</fqname>
    </hal>
    <hal format="aidl">
        <name>vendor.mediatek.hardware.mtkradioex.sim</name>
        <fqname>IMtkRadioExSim/slot1</fqname>
        <fqname>IMtkRadioExSim/slot2</fqname>
    </hal>
    <hal format="aidl">
        <name>vendor.mediatek.hardware.mtkradioex.voice</name>
        <fqname>IMtkRadioExVoice/slot1</fqname>
        <fqname>IMtkRadioExVoice/slot2</fqname>
    </hal>
    <hal format="aidl">
        <name>vendor.xiaomi.hardware.fingerprintextension</name>
        <version>1</version>
        <fqname>IXiaomiFingerprint/default</fqname>
    </hal>
    <hal format="aidl">
        <name>vendor.xiaomi.hardware.fx.tunnel</name>
        <version>1</version>
        <fqname>IMiFxTunnel/default</fqname>
    </hal>
    <hal format="aidl">
        <name>vendor.mediatek.hardware.mmagent</name>
        <fqname>IMMAgent/default</fqname>
    </hal>
    <hal format="aidl">
        <name>android.hardware.secure_element</name>
        <fqname>ISecureElement/SIM1</fqname>
        <fqname>ISecureElement/SIM2</fqname>
        <fqname>ISecureElement/eSE1</fqname>
    </hal>
    <hal format="aidl">
        <name>vendor.mediatek.hardware.videotelephony</name>
        <fqname>IVideoTelephony/default</fqname>
    </hal>
    <hal format="hidl">
        <name>vendor.dolby.hardware.dms</name>
        <transport>hwbinder</transport>
        <version>2.0</version>
        <interface>
            <name>IDms</name>
            <instance>default</instance>
        </interface>
    </hal>
</manifest>
