{
  "Nodes": [
    {
      "Name": "MemFreq",
      "Path": "/sys/devices/platform/soc/1c00f000.dvfsrc/mtk-dvfsrc-devfreq/devfreq/mtk-dvfsrc-devfreq/userspace/set_freq",
      "Values": [
        "9999999999",
        "8533000000",
        "6400000000",
        "5500000000",
        "4100000000",
        "3094000000",
        "2133000000",
        "1866000000",
        "1600000000",
        "800000000"
      ],
      "ResetOnInit": true,
      "Comments": [
        "It is userspace gov, powerhal will have exclusive and direct control of the freq"
      ]
    },
    {
      "Name": "GpuPwrLevel",
      "Path": "/proc/gpufreqv2/fix_target_opp_index",
      "Values": [
        "-1",
        "0",
        "1",
        "2",
        "3",
        "4",
        "5",
        "6",
        "7",
        "8",
        "9",
        "10",
        "11",
        "12",
        "13",
        "14",
        "15",
        "16",
        "17",
        "18",
        "19",
        "20",
        "21",
        "22",
        "23",
        "24",
        "25",
        "26",
        "27",
        "28",
        "29",
        "30",
        "31",
        "32",
        "33",
        "34",
        "35",
        "36",
        "37",
        "38",
        "39",
        "40"
      ],
      "ResetOnInit": true,
      "DefaultIndex": 0,
      "Comments": [
        "[-1] normal",
        "[00] freq: 1300000, volt:  93750, vsram:  93750",
        "[01] freq: 1274000, volt:  92500, vsram:  92500",
        "[02] freq: 1248000, volt:  91875, vsram:  91875",
        "[03] freq: 1222000, volt:  91250, vsram:  91250",
        "[04] freq: 1196000, volt:  90000, vsram:  90000",
        "[05] freq: 1170000, volt:  89375, vsram:  89375",
        "[06] freq: 1144000, volt:  88750, vsram:  88750",
        "[07] freq: 1118000, volt:  87500, vsram:  87500",
        "[08] freq: 1092000, volt:  86875, vsram:  86875",
        "[09] freq: 1066000, volt:  86250, vsram:  86250",
        "[10] freq: 1040000, volt:  85000, vsram:  85000",
        "[11] freq: 1014000, volt:  84375, vsram:  84375",
        "[12] freq:  988000, volt:  83750, vsram:  83750",
        "[13] freq:  962000, volt:  82500, vsram:  82500",
        "[14] freq:  936000, volt:  81875, vsram:  81875",
        "[15] freq:  910000, volt:  81250, vsram:  81250",
        "[16] freq:  884000, volt:  80000, vsram:  80000",
        "[17] freq:  858000, volt:  79375, vsram:  79375",
        "[18] freq:  832000, volt:  78750, vsram:  78750",
        "[19] freq:  806000, volt:  77500, vsram:  77500",
        "[20] freq:  780000, volt:  76875, vsram:  76875",
        "[21] freq:  754000, volt:  76250, vsram:  76250",
        "[22] freq:  728000, volt:  75000, vsram:  75000",
        "[23] freq:  702000, volt:  74375, vsram:  75000",
        "[24] freq:  676000, volt:  73750, vsram:  75000",
        "[25] freq:  650000, volt:  72500, vsram:  75000",
        "[26] freq:  624000, volt:  71875, vsram:  75000",
        "[27] freq:  598000, volt:  71250, vsram:  75000",
        "[28] freq:  572000, volt:  70000, vsram:  75000",
        "[29] freq:  546000, volt:  69375, vsram:  75000",
        "[30] freq:  520000, volt:  68750, vsram:  75000",
        "[31] freq:  494000, volt:  67500, vsram:  75000",
        "[32] freq:  468000, volt:  66875, vsram:  75000",
        "[33] freq:  442000, volt:  66250, vsram:  75000",
        "[34] freq:  416000, volt:  65000, vsram:  75000",
        "[35] freq:  390000, volt:  64375, vsram:  75000",
        "[36] freq:  364000, volt:  63750, vsram:  75000",
        "[37] freq:  338000, volt:  62500, vsram:  75000",
        "[38] freq:  312000, volt:  61875, vsram:  75000",
        "[39] freq:  286000, volt:  61250, vsram:  75000",
        "[40] freq:  260000, volt:  60000, vsram:  75000"
      ]
    },
    {
      "Name": "CPULittleClusterMaxFreq",
      "Path": "/sys/devices/system/cpu/cpu0/cpufreq/scaling_max_freq",
      "Values": [
        "9999999",
        "2200000",
        "2100000",
        "2000000",
        "1900000",
        "1800000",
        "1700000",
        "1600000",
        "1500000",
        "1400000",
        "1300000",
        "1200000",
        "1100000",
        "1000000",
        "900000",
        "800000",
        "700000",
        "600000",
        "480000"
      ],
      "DefaultIndex": 0,
      "ResetOnInit": true
    },
    {
      "Name": "CPULittleClusterMinFreq",
      "Path": "/sys/devices/system/cpu/cpu0/cpufreq/scaling_min_freq",
      "Values": [
        "9999999",
        "2200000",
        "2100000",
        "2000000",
        "1900000",
        "1800000",
        "1700000",
        "1600000",
        "1500000",
        "1400000",
        "1300000",
        "1200000",
        "1100000",
        "1000000",
        "900000",
        "800000",
        "700000",
        "600000",
        "480000"
      ],
      "ResetOnInit": true
    },
    {
      "Name": "CPUMidClusterMaxFreq",
      "Path": "/sys/devices/system/cpu/cpu4/cpufreq/scaling_max_freq",
      "Values": [
        "9999999",
        "3200000",
        "3100000",
        "3000000",
        "2900000",
        "2850000",
        "2800000",
        "2660000",
        "2600000",
        "2500000",
        "2400000",
        "2300000",
        "2200000",
        "2100000",
        "2000000",
        "1900000",
        "1800000",
        "1700000",
        "1600000",
        "1500000",
        "1400000",
        "1300000",
        "1200000",
        "1100000",
        "1000000",
        "900000",
        "800000",
        "700000",
        "600000",
        "500000",
        "400000"
      ],
      "DefaultIndex": 0,
      "ResetOnInit": true
    },
    {
      "Name": "CPUMidClusterMinFreq",
      "Path": "/sys/devices/system/cpu/cpu4/cpufreq/scaling_min_freq",
      "Values": [
        "9999999",
        "3200000",
        "3100000",
        "3000000",
        "2900000",
        "2850000",
        "2800000",
        "2660000",
        "2600000",
        "2500000",
        "2400000",
        "2300000",
        "2200000",
        "2100000",
        "2000000",
        "1900000",
        "1800000",
        "1700000",
        "1600000",
        "1500000",
        "1400000",
        "1300000",
        "1200000",
        "1100000",
        "1000000",
        "900000",
        "800000",
        "700000",
        "600000",
        "500000",
        "400000"
      ],
      "ResetOnInit": true
    },
    {
      "Name": "CPUBigClusterMaxFreq",
      "Path": "/sys/devices/system/cpu/cpu7/cpufreq/scaling_max_freq",
      "Values": [
        "9999999",
        "3350000",
        "3200000",
        "3100000",
        "3050000",
        "3000000",
        "2900000",
        "2800000",
        "2700000",
        "2600000",
        "2500000",
        "2400000",
        "2300000",
        "2200000",
        "2100000",
        "2000000",
        "1900000",
        "1800000",
        "1700000",
        "1600000",
        "1500000",
        "1400000",
        "1300000",
        "1200000",
        "1100000",
        "1000000",
        "900000",
        "800000",
        "700000",
        "600000",
        "500000",
        "400000"
      ],
      "DefaultIndex": 0,
      "ResetOnInit": true
    },
    {
      "Name": "CPUBigClusterMinFreq",
      "Path": "/sys/devices/system/cpu/cpu7/cpufreq/scaling_min_freq",
      "Values": [
        "9999999",
        "3350000",
        "3200000",
        "3100000",
        "3050000",
        "3000000",
        "2900000",
        "2800000",
        "2700000",
        "2600000",
        "2500000",
        "2400000",
        "2300000",
        "2200000",
        "2100000",
        "2000000",
        "1900000",
        "1800000",
        "1700000",
        "1600000",
        "1500000",
        "1400000",
        "1300000",
        "1200000",
        "1100000",
        "1000000",
        "900000",
        "800000",
        "700000",
        "600000",
        "500000",
        "400000"
      ],
      "ResetOnInit": true
    },
    {
      "Name": "PMQoSCpuDmaLatency",
      "Path": "/dev/cpu_dma_latency",
      "Values": [
        "51",
        "0"
      ],
      "HoldFd": true
    },
    {
      "Name": "UclampFGMin",
      "Path": "/dev/cpuctl/foreground/cpu.uclamp.min",
      "Values": [
        "0",
        "15",
        "30"
      ],
      "DefaultIndex": 0,
      "ResetOnInit": true
    },
    {
      "Name": "UclampTAMin",
      "Path": "/dev/cpuctl/top-app/cpu.uclamp.min",
      "Values": [
        "0",
        "30",
        "40",
        "100"
      ],
      "DefaultIndex": 0,
      "ResetOnInit": true
    },
    {
      "Name": "CAMUClampBoost",
      "Path": "/dev/cpuctl/camera-daemon/cpu.uclamp.min",
      "Values": ["100", "75", "50", "25", "0"],
      "ResetOnInit": true
    },
    {
      "Name": "TopAppCpuset",
      "Path": "/dev/cpuset/top-app/cpus",
      "Values": [
        "0-3",
        "0-7"
      ],
      "ResetOnInit": true
    },
    {
      "Name": "ForegroundCpuset",
      "Path": "/dev/cpuset/foreground/cpus",
      "Values": [
        "0-2",
        "0-6"
      ],
      "ResetOnInit": true
    },
    {
      "Name": "ForegroundWindowCpuset",
      "Path": "/dev/cpuset/foreground_window/cpus",
      "Values": [
        "0-2",
        "0-6"
      ],
      "ResetOnInit": true
    },
    {
      "Name": "GPUBlockBoost",
      "Path": "/sys/kernel/ged/hal/gpu_boost_level",
      "Values": ["101", "50", "0", "-1"],
      "ResetOnInit": true,
      "DefaultIndex": 2
    },
    {
      "Name": "PowerHALRenderingState",
      "Path": "vendor.powerhal.rendering",
      "Values": [
        "EXPENSIVE_RENDERING",
        ""
      ],
      "Type": "Property"
    },
    {
      "Name": "Dex2oatThreads",
      "Path": "vendor.powerhal.dalvik.vm.dex2oat-threads",
      "Values": [
        "1",
        "2",
        "4",
        "6",
        "8"
      ],
      "Type": "Property"
    },
    {
      "Name": "Dex2oatCPUSet",
      "Path": "vendor.powerhal.dalvik.vm.dex2oat-cpu-set",
      "Values": [
        "0,1,2,3",
        "0,1,2,3,4,5",
        "0,1,2,3,4,5,6,7"
      ],
      "Type": "Property"
    }
  ],
"Actions": [
    {
      "PowerHint": "INTERACTION",
      "Node": "CPULittleClusterMinFreq",
      "Duration": 1000,
      "Value": "1300000"
    },
    {
      "PowerHint": "INTERACTION",
      "Node": "CPUMidClusterMinFreq",
      "Duration": 1000,
      "Value": "1300000"
    },
    {
      "PowerHint": "INTERACTION",
      "Node": "UclampFGMin",
      "Duration": 58,
      "Value": "15"
    },
    {
      "PowerHint": "INTERACTION",
      "Node": "UclampTAMin",
      "Duration": 58,
      "Value": "40"
    },
    {
      "PowerHint": "LAUNCH",
      "Node": "CPUBigClusterMinFreq",
      "Duration": 2000,
      "Value": "9999999"
    },
    {
      "PowerHint": "LAUNCH",
      "Node": "CPUMidClusterMinFreq",
      "Duration": 2000,
      "Value": "9999999"
    },
    {
      "PowerHint": "LAUNCH",
      "Node": "CPULittleClusterMinFreq",
      "Duration": 2000,
      "Value": "9999999"
    },
    {
      "PowerHint": "LAUNCH",
      "Node": "MemFreq",
      "Duration": 2000,
      "Value": "9999999999"
    },
    {
      "PowerHint": "LAUNCH",
      "Node": "UclampTAMin",
      "Duration": 2000,
      "Value": "100"
    },
    {
      "PowerHint": "LAUNCH",
      "Node": "GPUBlockBoost",
      "Duration": 5000,
      "Value": "101"
    },
    {
      "PowerHint": "LAUNCH",
      "Node": "GpuPwrLevel",
      "Duration": 5000,
      "Value": "6"
    },
    {
      "PowerHint": "FIXED_PERFORMANCE",
      "Node": "GpuPwrLevel",
      "Duration": 0,
      "Value": "0"
    },
    {
      "PowerHint": "FIXED_PERFORMANCE",
      "Node": "CPUBigClusterMaxFreq",
      "Duration": 0,
      "Value": "9999999"
    },
    {
      "PowerHint": "FIXED_PERFORMANCE",
      "Node": "CPUBigClusterMinFreq",
      "Duration": 0,
      "Value": "9999999"
    },
    {
      "PowerHint": "FIXED_PERFORMANCE",
      "Node": "CPUMidClusterMaxFreq",
      "Duration": 0,
      "Value": "9999999"
    },
    {
      "PowerHint": "FIXED_PERFORMANCE",
      "Node": "CPUMidClusterMinFreq",
      "Duration": 0,
      "Value": "9999999"
    },
    {
      "PowerHint": "FIXED_PERFORMANCE",
      "Node": "CPULittleClusterMaxFreq",
      "Duration": 0,
      "Value": "9999999"
    },
    {
      "PowerHint": "FIXED_PERFORMANCE",
      "Node": "CPULittleClusterMinFreq",
      "Duration": 0,
      "Value": "9999999"
    },
    {
      "PowerHint": "FIXED_PERFORMANCE",
      "Node": "UclampTAMin",
      "Duration": 0,
      "Value": "100"
    },
    {
      "PowerHint": "FIXED_PERFORMANCE",
      "Node": "MemFreq",
      "Duration": 0,
      "Value": "9999999999"
    },
    {
      "PowerHint": "CAMERA_LAUNCH",
      "Node": "CAMUClampBoost",
      "Duration": 1000,
      "Value": "100"
    },
    {
      "PowerHint": "CAMERA_LAUNCH",
      "Node": "MemFreq",
      "Duration": 1000,
      "Value": "9999999999"
    },
    {
      "PowerHint": "CAMERA_LAUNCH",
      "Node": "CPUBigClusterMinFreq",
      "Duration": 1000,
      "Value": "2200000"
    },
    {
      "PowerHint": "EXPENSIVE_RENDERING",
      "Node": "PowerHALRenderingState",
      "Duration": 0,
      "Value": "EXPENSIVE_RENDERING"
    },
    {
      "PowerHint": "EXPENSIVE_RENDERING",
      "Node": "GpuPwrLevel",
      "Duration": 0,
      "Value": "10"
    },
    {
      "PowerHint": "EXPENSIVE_RENDERING",
      "Node": "GPUBlockBoost",
      "Duration": 0,
      "Value": "50"
    },
    {
      "PowerHint": "EXPENSIVE_RENDERING",
      "Node": "CPUBigClusterMinFreq",
      "Duration": 0,
      "Value": "2200000"
    },
    {
      "PowerHint": "EXPENSIVE_RENDERING",
      "Node": "CPUMidClusterMinFreq",
      "Duration": 0,
      "Value": "2000000"
    },
    {
      "PowerHint": "EXPENSIVE_RENDERING",
      "Node": "UclampFGMin",
      "Duration": 0,
      "Value": "30"
    },
    {
      "PowerHint": "EXPENSIVE_RENDERING",
      "Node": "UclampTAMin",
      "Duration": 0,
      "Value": "30"
    },
    {
      "PowerHint": "EXPENSIVE_RENDERING",
      "Type": "EndHint",
      "Value": "INTERACTION"
    },
    {
      "PowerHint": "ML_ACC",
      "Node": "PMQoSCpuDmaLatency",
      "Duration": 2000,
      "Value": "51"
    },
    {
      "PowerHint": "DISPLAY_INACTIVE",
      "Node": "ForegroundCpuset",
      "Duration": 0,
      "Value": "0-2"
    },
    {
      "PowerHint": "DISPLAY_INACTIVE",
      "Node": "ForegroundWindowCpuset",
      "Duration": 0,
      "Value": "0-2"
    },
    {
      "PowerHint": "DISPLAY_INACTIVE",
      "Node": "TopAppCpuset",
      "Duration": 0,
      "Value": "0-3"
    },
    {
      "PowerHint": "DISPLAY_INACTIVE",
      "Node": "CPULittleClusterMinFreq",
      "Duration": 0,
      "Value": "480000"
    },
    {
      "PowerHint": "DISPLAY_INACTIVE",
      "Node": "CPUMidClusterMinFreq",
      "Duration": 0,
      "Value": "400000"
    },
    {
      "PowerHint": "DISPLAY_INACTIVE",
      "Node": "CPUBigClusterMinFreq",
      "Duration": 0,
      "Value": "400000"
    },
    {
      "PowerHint": "DISPLAY_INACTIVE",
      "Node": "GpuPwrLevel",
      "Duration": 0,
      "Value": "20"
    },
    {
      "PowerHint": "GAME",
      "Type": "EndHint",
      "Value": "INTERACTION"
    },
    {
      "PowerHint": "GAME",
      "Node": "CPULittleClusterMinFreq",
      "Duration": 0,
      "Value": "1500000"
    },
    {
      "PowerHint": "GAME",
      "Node": "CPUMidClusterMinFreq",
      "Duration": 0,
      "Value": "2000000"
    },
    {
      "PowerHint": "GAME",
      "Node": "CPUBigClusterMinFreq",
      "Duration": 0,
      "Value": "2200000"
    },
    {
      "PowerHint": "GAME",
      "Node": "GpuPwrLevel",
      "Duration": 0,
      "Value": "3"
    },
    {
      "PowerHint": "DISPLAY_CHANGE",
      "Node": "CPUBigClusterMinFreq",
      "Duration": 2000,
      "Value": "2200000"
    },
    {
      "PowerHint": "DISPLAY_CHANGE",
      "Node": "CPUMidClusterMinFreq",
      "Duration": 2000,
      "Value": "2000000"
    },
    {
      "PowerHint": "DISPLAY_CHANGE",
      "Node": "CPULittleClusterMinFreq",
      "Duration": 2000,
      "Value": "1500000"
    },
    {
      "PowerHint": "DISPLAY_CHANGE",
      "Node": "MemFreq",
      "Duration": 2000,
      "Value": "9999999999"
    },
    {
      "PowerHint": "DISPLAY_CHANGE",
      "Node": "GpuPwrLevel",
      "Duration": 2000,
      "Value": "12"
    },
    {
      "PowerHint": "LOW_POWER",
      "Node": "CPUBigClusterMaxFreq",
      "Duration": 0,
      "Value": "2200000"
    },
    {
      "PowerHint": "LOW_POWER",
      "Node": "CPUMidClusterMaxFreq",
      "Duration": 0,
      "Value": "2000000"
    },
    {
      "PowerHint": "LOW_POWER",
      "Node": "GpuPwrLevel",
      "Duration": 0,
      "Value": "20"
    }
  ]
}
