<?xml version="1.0" encoding="utf-8" ?>
<!-- Copyright (C) 2014 The Android Open Source Project

     Licensed under the Apache License, Version 2.0 (the "License");
     you may not use this file except in compliance with the License.
     You may obtain a copy of the License at

          http://www.apache.org/licenses/LICENSE-2.0

     Unless required by applicable law or agreed to in writing, software
     distributed under the License is distributed on an "AS IS" BASIS,
     WITHOUT WARRANTIES OR CONDITIONS OF ANY KIND, either express or implied.
     See the License for the specific language governing permissions and
     limitations under the License.
-->

<MediaCodecs>
    <Settings>
        <!-- disable TV and telephony domains by default. These must be opted in by OEMs -->
        <Domain name="telephony" enabled="false" />
        <Domain name="tv" enabled="false" />
        <Variant name="slow-cpu" enabled="false" />
    </Settings>
    <Decoders>
        <MediaCodec name="c2.mtk.avc.decoder" type="video/avc">
            <Limit name="size" min="64x64" max="4096x2176" />
            <Quirk name="wants-NAL-fragments" />
            <Feature name="adaptive-playback"/>
            <Feature name="can-swap-width-height"/>
            <Feature name="dynamic-color-aspects"/>
            <Limit name="concurrent-instances" max="15" />
            <Limit name="performance-point-3840x2160" value="60" />
        </MediaCodec>
        <MediaCodec name="c2.mtk.avc.decoder.secure" type="video/avc">
            <Limit name="size" min="64x64" max="4096x2176" />
            <Quirk name="wants-NAL-fragments" />
            <Feature name="secure-playback" required="true" />
            <Feature name="adaptive-playback"/>
            <Limit name="concurrent-instances" max="15" />
            <Limit name="performance-point-4096x2176" value="60" />
            <Limit name="performance-point-3840x2160" value="120" />
        </MediaCodec>
        <MediaCodec name="c2.mtk.avc.decoder.lowlatency" type="video/avc">
            <Limit name="size" min="64x64" max="4096x2176" />
            <Quirk name="wants-NAL-fragments" />
            <Feature name="adaptive-playback"/>
            <Feature name="low-latency"/>
            <Feature name="can-swap-width-height"/>
            <Feature name="dynamic-color-aspects"/>
            <Limit name="concurrent-instances" max="15" />
            <Limit name="performance-point-3840x2160" value="60" />
        </MediaCodec>
        <MediaCodec name="c2.mtk.hevc.decoder" type="video/hevc">
            <Limit name="size" min="16x16" max="4096x2176" />
            <Feature name="adaptive-playback"/>
            <Feature name="can-swap-width-height"/>
            <Feature name="dynamic-color-aspects"/>
            <Limit name="concurrent-instances" max="15" />
            <Limit name="performance-point-3840x2160" value="60" />
        </MediaCodec>
        <MediaCodec name="c2.mtk.hevc.decoder.secure" type="video/hevc">
            <Limit name="size" min="16x16" max="4096x2176" />
            <Feature name="secure-playback" required="true" />
            <Feature name="adaptive-playback"/>
            <Limit name="concurrent-instances" max="15" />
            <Limit name="performance-point-4096x2176" value="60" />
            <Limit name="performance-point-3840x2160" value="120" />
        </MediaCodec>
        <MediaCodec name="c2.mtk.hevc.decoder.lowlatency" type="video/hevc">
            <Limit name="size" min="16x16" max="4096x2176" />
            <Feature name="adaptive-playback"/>
            <Feature name="low-latency"/>
            <Feature name="can-swap-width-height"/>
            <Feature name="dynamic-color-aspects"/>
            <Limit name="concurrent-instances" max="15" />
            <Limit name="performance-point-3840x2160" value="60" />
        </MediaCodec>
        <MediaCodec name="c2.mtk.heif.decoder" type="image/vnd.android.heic">
            <Limit name="size" min="16x16" max="5120x2560" />
            <Feature name="adaptive-playback"/>
            <Limit name="concurrent-instances" max="15" />
            <Limit name="performance-point-3840x2160" value="30" />
        </MediaCodec>
        <MediaCodec name="c2.mtk.vp9.decoder" type="video/x-vnd.on2.vp9">
            <Limit name="alignment" value="1x1" />
            <Limit name="size" min="16x16" max="4096x2176" />
            <Feature name="adaptive-playback"/>
            <Feature name="can-swap-width-height"/>
            <Feature name="dynamic-color-aspects"/>
            <Limit name="concurrent-instances" max="15" />
            <Limit name="performance-point-3840x2160" value="60" />
        </MediaCodec>
        <MediaCodec name="c2.mtk.vp9.decoder.secure" type="video/x-vnd.on2.vp9">
            <Limit name="alignment" value="1x1" />
            <Limit name="size" min="16x16" max="4096x2176" />
            <Quirk name="wants-NAL-fragments" />
            <Feature name="secure-playback" required="true" />
            <Feature name="adaptive-playback"/>
            <Limit name="concurrent-instances" max="15" />
            <Limit name="performance-point-4096x2176" value="60" />
            <Limit name="performance-point-3840x2160" value="120" />
        </MediaCodec>
        <MediaCodec name="c2.mtk.vp9.decoder.lowlatency" type="video/x-vnd.on2.vp9">
            <Limit name="size" min="16x16" max="4096x2176" />
            <Limit name="alignment" value="1x1" />
            <Feature name="adaptive-playback"/>
            <Feature name="low-latency"/>
            <Feature name="can-swap-width-height"/>
            <Feature name="dynamic-color-aspects"/>
            <Limit name="concurrent-instances" max="15" />
            <Limit name="performance-point-3840x2160" value="60" />
        </MediaCodec>
        <MediaCodec name="c2.mtk.av1.decoder" type="video/av01">
            <Limit name="alignment" value="1x1" />
            <Limit name="size" min="16x16" max="4096x2176" />
            <Feature name="adaptive-playback"/>
            <Feature name="can-swap-width-height"/>
            <Feature name="dynamic-color-aspects"/>
            <Limit name="concurrent-instances" max="15" />
            <Limit name="performance-point-3840x2160" value="60" />
        </MediaCodec>
        <MediaCodec name="c2.mtk.av1.decoder.secure" type="video/av01">
            <Limit name="alignment" value="1x1" />
            <Limit name="size" min="16x16" max="4096x2176" />
            <Quirk name="wants-NAL-fragments" />
            <Feature name="secure-playback" required="true" />
            <Feature name="adaptive-playback"/>
            <Limit name="concurrent-instances" max="15" />
            <Limit name="performance-point-4096x2176" value="60" />
            <Limit name="performance-point-3840x2160" value="120" />
        </MediaCodec>
        <MediaCodec name="c2.mtk.av1.decoder.lowlatency" type="video/av01">
            <Limit name="size" min="16x16" max="4096x2176" />
            <Limit name="alignment" value="1x1" />
            <Feature name="adaptive-playback"/>
            <Feature name="low-latency"/>
            <Feature name="can-swap-width-height"/>
            <Feature name="dynamic-color-aspects"/>
            <Limit name="concurrent-instances" max="15" />
            <Limit name="performance-point-3840x2160" value="60" />
        </MediaCodec>
    </Decoders>
    <Encoders>
        <MediaCodec name="c2.mtk.avc.encoder" type="video/avc">
            <Limit name="size" min="160x128" max="3840x2176" />
            <Limit name="alignment" value="2x2" />
            <Limit name="block-size" value="16x16" />
            <!-- max 3840x2176@60 -->
            <Limit name="block-count" range="80-32640" />
            <Limit name="blocks-per-second" range="80-1958400" />
            <Limit name="concurrent-instances" max="10" />
            <Limit name="bitrate" range="1-160000000" />
            <Limit name="performance-point-3840x2160" value="60" />
            <Limit name="performance-point-1920x1079" value="180" />
            <Limit name="performance-point-1920x1080" value="120" />
            <Feature name="encoding-statistics" />
            <Feature name="can-swap-width-height"/>
        </MediaCodec>
        <MediaCodec name="c2.mtk.avc.encoder.secure" type="video/avc" >
            <Limit name="size" min="160x128" max="3840x2176" />
            <Limit name="alignment" value="2x2" />
            <Limit name="block-size" value="16x16" />
            <!-- max 3840x2176@60 -->
            <Limit name="block-count" range="80-32640" />
            <Limit name="blocks-per-second" range="80-1958400" />
            <Limit name="bitrate" range="1-160000000" />
            <Limit name="concurrent-instances" max="10" />
            <Limit name="performance-point-3840x2160" value="30" />
            <Feature name="special-codec" required="true" />
        </MediaCodec>
        <MediaCodec name="c2.mtk.hevc.encoder" type="video/hevc">
            <Limit name="size" min="160x128" max="3840x2176" />
            <Limit name="alignment" value="2x2" />
            <Limit name="block-size" value="16x16" />
            <!-- max 3840x2176@60 -->
            <Limit name="block-count" range="80-32640" />
            <Limit name="blocks-per-second" range="80-1958400" />
            <Limit name="quality" range="0-100" default="50" />
            <Limit name="concurrent-instances" max="10" />
            <Limit name="bitrate" range="1-160000000" />
            <Feature name="bitrate-modes" value="VBR,CBR,CQ" />
            <Limit name="performance-point-3840x2160" value="60" />
            <Limit name="performance-point-1920x1079" value="180" />
            <Limit name="performance-point-1920x1080" value="120" />
            <Feature name="encoding-statistics" />
            <Feature name="hdr-editing"/>
            <Feature name="hlg-editing"/>
            <Feature name="can-swap-width-height"/>
        </MediaCodec>
        <MediaCodec name="c2.mtk.hevc.encoder.secure" type="video/hevc" >
            <Limit name="size" min="160x128" max="3840x2160" />
            <Limit name="alignment" value="2x2" />
            <Limit name="block-size" value="16x16" />
            <!-- max 3840x2160@30 -->
            <Limit name="block-count" range="80-32400" />
            <Limit name="blocks-per-second" range="80-972000" />
            <Limit name="bitrate" range="1-160000000" />
            <Limit name="quality" range="0-100" default="50" />
            <Limit name="concurrent-instances" max="10" />
            <Feature name="bitrate-modes" value="VBR,CBR,CQ" />
            <Limit name="performance-point-3840x2160" value="30" />
            <Feature name="special-codec" required="true" />
        </MediaCodec>
        <MediaCodec name="c2.mtk.heif.encoder" type="image/vnd.android.heic" >
            <Limit name="size" min="160x128" max="16383x16383" />
            <Limit name="alignment" value="16x16" />
            <Limit name="block-size" value="16x16" />
            <Limit name="quality" range="0-100" default="50" />
            <Limit name="concurrent-instances" max="16" />
            <Feature name="bitrate-modes" value="VBR,CBR,CQ" />
            <Limit name="performance-point-3840x2160" value="30" />
        </MediaCodec>
    </Encoders>
</MediaCodecs>
