<?xml version="1.0" encoding="utf-8"?>
<!--
     Copyright (C) 2023 The LineageOS Project
     SPDX-License-Identifier: Apache-2.0
-->
<permissions>
   <privapp-permissions package="com.android.camera">
      <permission name="android.permission.WRITE_MEDIA_STORAGE" />
      <permission name="android.permission.WRITE_SECURE_SETTINGS" />
      <permission name="android.permission.MANAGE_USB" />
      <permission name="android.permission.INTERACT_ACROSS_USERS" />
      <permission name="mediatek.permission.ACCESS_APU_SYS" />
      <permission name="android.permission.LOG_COMPAT_CHANGE" />
      <permission name="android.permission.READ_COMPAT_CHANGE_CONFIG" />
      <permission name="android.permission.START_ACTIVITIES_FROM_BACKGROUND" />
      <permission name="android.permission.SYSTEM_CAMERA" />
      <permission name="android.permission.TURN_SCREEN_ON" />
      <permission name="android.permission.READ_PHONE_STATE" />
   </privapp-permissions>
</permissions>
