<!--
     Copyright (C) 2024 The LineageOS Project
     SPDX-License-Identifier: Apache-2.0
-->
<compatibility-matrix version="1.0" type="framework">
    <hal format="hidl" optional="true">
        <name>com.fingerprints.extension</name>
        <version>1.0</version>
        <version>2.0</version>
        <version>3.0</version>
        <interface>
            <name>IFingerprintAuthenticator</name>
            <instance>default</instance>
        </interface>
        <interface>
            <name>IFingerprintCalibration</name>
            <instance>default</instance>
        </interface>
        <interface>
            <name>IFingerprintEngineering</name>
            <instance>default</instance>
        </interface>
        <interface>
            <name>IFingerprintNavigation</name>
            <instance>default</instance>
        </interface>
        <interface>
            <name>IFingerprintOptical</name>
            <instance>default</instance>
        </interface>
        <interface>
            <name>IFingerprintRecalibration</name>
            <instance>default</instance>
        </interface>
        <interface>
            <name>IFingerprintSenseTouch</name>
            <instance>default</instance>
        </interface>
        <interface>
            <name>IFingerprintSensorTest</name>
            <instance>default</instance>
        </interface>
    </hal>
    <hal format="aidl" optional="true">
        <name>com.fingerprints.extension3</name>
        <version>1</version>
        <interface>
            <name>IFingerprintNavigation</name>
            <instance>default</instance>
        </interface>
        <interface>
            <name>IFingerprintSensorTest</name>
            <instance>default</instance>
        </interface>
    </hal>
    <hal format="hidl" optional="true">
        <name>vendor.focaltech.fingerprint</name>
        <version>1.0</version>
        <interface>
            <name>IFocalFingerprintService</name>
            <instance>default</instance>
        </interface>
    </hal>
    <hal format="hidl" optional="true">
        <name>vendor.goodix.hardware.biometrics.fingerprint</name>
        <version>2.1</version>
        <interface>
            <name>IGoodixFingerprintDaemon</name>
            <instance>default</instance>
        </interface>
        <interface>
            <name>IGoodixFingerprintDaemonExt</name>
            <instance>default</instance>
        </interface>
        <interface>
            <name>IGoodixFingerprintDaemonFido</name>
            <instance>default</instance>
        </interface>
        <interface>
            <name>IGoodixFingerprintDaemonHbd</name>
            <instance>default</instance>
        </interface>
    </hal>
    <hal format="hidl" optional="true">
        <name>vendor.goodix.hardware.cap.biometrics.fingerprint</name>
        <version>2.1</version>
        <interface>
            <name>IGoodixFingerprintDaemon</name>
            <instance>default</instance>
        </interface>
        <interface>
            <name>IGoodixFingerprintDaemonExt</name>
            <instance>default</instance>
        </interface>
    </hal>
    <hal format="hidl" optional="true">
        <name>vendor.goodix.hardware.fingerprint</name>
        <version>1.0</version>
        <interface>
            <name>IGoodixBiometricsFingerprint</name>
            <instance>default</instance>
        </interface>
    </hal>
    <hal format="hidl" optional="true">
        <name>vendor.goodix.hardware.fingerprintextension</name>
        <version>1.0</version>
        <interface>
            <name>IGoodixBiometricsFingerprint</name>
            <instance>default</instance>
        </interface>
    </hal>
    <hal format="hidl" optional="true">
        <name>vendor.pixelworks.hardware.display</name>
        <version>1.0</version>
        <interface>
            <name>IIris</name>
            <instance>default</instance>
        </interface>
    </hal>
    <hal format="hidl" optional="true">
        <name>vendor.silead.hardware.fingerprintext</name>
        <version>1.0</version>
        <interface>
            <name>ISileadFingerprint</name>
            <instance>default</instance>
        </interface>
    </hal>
    <hal format="hidl" optional="true">
        <name>vendor.synaptics.fingerprints.interfaces.extensions</name>
        <version>1.0</version>
        <interface>
            <name>IFpCollection</name>
            <instance>default</instance>
        </interface>
        <interface>
            <name>INavigation</name>
            <instance>default</instance>
        </interface>
        <interface>
            <name>ISensorTest</name>
            <instance>default</instance>
        </interface>
    </hal>
    <hal format="hidl" optional="true">
        <name>vendor.xiaomi.hardware.bgservice</name>
        <version>1.0</version>
        <interface>
            <name>IBGService</name>
            <instance>default</instance>
        </interface>
    </hal>
    <hal format="hidl" optional="true">
        <name>vendor.xiaomi.hardware.cameraperf</name>
        <version>1.0</version>
        <interface>
            <name>IMiCameraPerfService</name>
            <instance>default</instance>
        </interface>
    </hal>
    <hal format="hidl" optional="true">
        <name>vendor.xiaomi.hardware.campostproc</name>
        <version>1.0</version>
        <interface>
            <name>IMiPostProcService</name>
            <instance>default</instance>
        </interface>
    </hal>
    <hal format="hidl" optional="true">
        <name>vendor.xiaomi.hardware.citsensorservice</name>
        <version>1.0-1</version>
        <interface>
            <name>ICitSensorService</name>
            <instance>default</instance>
        </interface>
    </hal>
    <hal format="hidl" optional="true">
        <name>vendor.xiaomi.hardware.displayfeature</name>
        <version>1.0</version>
        <interface>
            <name>IDisplayFeature</name>
            <instance>default</instance>
        </interface>
    </hal>
    <hal format="aidl" optional="true">
        <name>vendor.xiaomi.hardware.displayfeature_aidl</name>
        <version>2</version>
        <interface>
            <name>IDisplayFeature</name>
            <instance>default</instance>
        </interface>
    </hal>
    <hal format="aidl" optional="true">
        <name>vendor.xiaomi.hardware.dtool1</name>
        <version>1</version>
        <interface>
            <name>IDtool</name>
            <instance>default</instance>
        </interface>
    </hal>
    <hal format="hidl" optional="true">
        <name>vendor.xiaomi.hardware.dtool</name>
        <version>1.0</version>
        <interface>
            <name>IDtool</name>
            <instance>default</instance>
        </interface>
    </hal>
    <hal format="hidl" optional="true">
        <name>vendor.xiaomi.hardware.fingerprintextension</name>
        <version>1.0</version>
        <interface>
            <name>IXiaomiFingerprint</name>
            <instance>default</instance>
        </interface>
    </hal>
    <hal format="aidl" optional="true">
        <name>vendor.xiaomi.hardware.fingerprintextension</name>
        <version>1</version>
        <interface>
            <name>IXiaomiFingerprint</name>
            <instance>default</instance>
        </interface>
    </hal>
    <hal format="hidl" optional="true">
        <name>vendor.xiaomi.hardware.fx.tunnel</name>
        <version>1.0</version>
        <interface>
            <name>IMiFxTunnel</name>
            <instance>default</instance>
        </interface>
    </hal>
    <hal format="aidl" optional="true">
        <name>vendor.xiaomi.hardware.fx.tunnel</name>
        <version>1</version>
        <interface>
            <name>IMiFxTunnel</name>
            <instance>default</instance>
        </interface>
    </hal>
    <hal format="hidl" optional="true">
        <name>vendor.xiaomi.hardware.mfidoca</name>
        <version>1.0</version>
        <interface>
            <name>IFidoService</name>
            <instance>default</instance>
        </interface>
    </hal>
    <hal format="hidl" optional="true">
        <name>vendor.xiaomi.hardware.micharge</name>
        <version>1.0</version>
        <interface>
            <name>IMiCharge</name>
            <instance>default</instance>
        </interface>
    </hal>
    <hal format="hidl" optional="true">
        <name>vendor.xiaomi.hardware.mlipay</name>
        <version>1.0-1</version>
        <interface>
            <name>IMlipayService</name>
            <instance>default</instance>
        </interface>
    </hal>
    <hal format="hidl" optional="true">
        <name>vendor.xiaomi.hardware.motor</name>
        <version>1.0</version>
        <interface>
            <name>IMotor</name>
            <instance>default</instance>
        </interface>
    </hal>
    <hal format="hidl" optional="true">
        <name>vendor.xiaomi.hardware.mtdservice</name>
        <version>1.0-3</version>
        <interface>
            <name>IMTService</name>
            <instance>default</instance>
        </interface>
    </hal>
    <hal format="hidl" optional="true">
        <name>vendor.xiaomi.hardware.quickcamera</name>
        <version>1.0</version>
        <interface>
            <name>IQuickCameraService</name>
            <instance>default</instance>
        </interface>
    </hal>
    <hal format="hidl" optional="true">
        <name>vendor.xiaomi.hardware.tidaservice</name>
        <version>1.0-2</version>
        <interface>
            <name>ITidaService</name>
            <instance>default</instance>
        </interface>
    </hal>
    <hal format="aidl" optional="true">
        <name>vendor.xiaomi.hw.touchfeature</name>
        <version>1</version>
        <interface>
            <name>ITouchFeature</name>
            <instance>default</instance>
        </interface>
    </hal>
    <hal format="hidl" optional="true">
        <name>vendor.xiaomi.sensor.citsensorservice</name>
        <version>1.1</version>
        <version>2.0</version>
        <interface>
            <name>ICitSensorService</name>
            <instance>default</instance>
        </interface>
    </hal>
    <hal format="aidl" optional="true">
        <name>vendor.xiaomi.sensor.citsensorservice</name>
        <version>1</version>
        <interface>
            <name>ICitSensorService</name>
            <instance>default</instance>
        </interface>
    </hal>
    <hal format="hidl" optional="true">
        <name>vendor.xiaomi.sensor.communicate</name>
        <version>1.0</version>
        <interface>
            <name>ISensorCommunicate</name>
            <instance>default</instance>
        </interface>
    </hal>
    <hal format="aidl" optional="true">
        <name>vendor.xiaomi.hardware.aidl.mtdservice</name>
        <interface>
            <name>IMTService</name>
            <instance>default</instance>
        </interface>
    </hal>
    <hal format="aidl" optional="true">
        <name>vendor.xiaomi.hardware.mlipay</name>
        <interface>
            <name>IMlipayService</name>
            <instance>default</instance>
        </interface>
    </hal>
</compatibility-matrix>
